pdb_id;model_id;chain_id
2KII;11;A
1HZL;3;A
1JOQ;24;A
2E2Z;12;A
2H5M;7;A
1HZL;6;A
1AXJ;19;A
1A2I;8;A
1B4Q;10;A
2L4D;4;A
2K3M;4;A
1I6E;5;A
2G0L;25;A
1A2I;3;A
1I6D;1;A
1KMG;26;A
1BA9;5;A
2LCQ;2;A
1JKN;21;A
1B8T;13;A
2L2E;12;A
2K6Z;17;A
2K2C;6;A
2L30;5;A
2AKL;7;A
2L30;9;A
2KW4;1;A
2L47;19;A
2KRL;8;A
1B4Q;3;A
2AKL;19;A
1BA9;24;A
2LCQ;4;A
2K70;14;A
1J3S;14;A
2K70;0;A
2DDY;14;A
1E88;14;A
2LCQ;17;A
2KMN;9;A
1I6D;2;A
1I6D;14;A
1C2N;11;A
2KV1;5;A
1I6E;8;A
1C7M;11;A
1I6E;16;A
2IDA;6;A
2LKD;4;A
1EKY;15;A
1B8T;32;A
1KMG;31;A
2KII;8;A
1JKN;25;A
2AKL;7;A
2K70;29;A
1HZL;20;A
1GPX;18;A
1BA9;11;A
4AYK;1;A
1KMG;15;A
2GIW;1;A
1DIU;5;A
2JYW;3;A
1JOK;0;A
1E88;7;A
2K5U;12;A
1C7M;17;A
1JKN;5;A
1B9R;6;A
1EKY;22;A
2G0L;55;A
2K8R;12;A
1E88;8;A
2GIW;31;A
1EKY;17;A
1I6E;11;A
2KSQ;18;A
2KIL;4;A
2L47;7;A
1FA4;0;A
1F40;7;A
2DDY;6;A
1HKO;25;A
2G0L;4;A
1AYK;27;A
1J2O;14;A
1FA4;8;A
2FLJ;24;A
1BA9;29;A
2LCQ;16;A
2KB2;5;A
1I6D;10;A
2GIW;32;A
2K5U;1;A
1I6D;17;A
2L30;29;A
2JPR;12;A
2K4W;14;A
2K6Z;18;A
